-0.7529891287947444,0.8885369828518345,0.0078054351913277335,-0.010503418084182321,0.034151430366261906,0.023813751945389768,-0.002570556640624999,-0.0022099609375000016,0.997947021484375
0.16681642969101051,0.19006308155940568,0.014628914701315308,0.021738542141756613,0.0024423951027351815,-0.0028324961752209184,-0.005011962890624999,0.00047558593749999836,1.001364990234375
-0.9411714824985945,0.41493411799066854,-0.0023534117890303967,0.028666566653115393,0.006439332320826784,-0.019353170009999546,-0.004767822265624999,-0.004407226562500002,1.002585693359375
0.11757841342759459,-0.02182929480080527,0.009130144487032062,0.004418480863359664,0.013367356832185564,0.013954640140763813,-0.0001291503906249991,0.00047558593749999836,1.000388427734375
0.06600914877899215,-1.1659207729121186,0.027128083964961303,0.0065501807130085195,0.0008436202154985389,0.030475313975542442,0.002800537109375001,0.0019404296874999984,1.002341552734375
-0.007818357794294089,-0.027925495371377167,0.026123417614539617,0.0006880061264741681,-0.009548416551539629,-0.0030989586564270253,-0.0013498535156249991,-0.00025683593750000164,1.000632568359375
-0.3720304834606705,-1.130815872396585,0.027268819307787177,-0.0030424686104113287,-0.0276678652735549,-0.00443127106245756,0.004509521484375001,-0.0014775390625000016,0.999900146484375
0.13628912406275615,-0.07308479927132916,0.037351639927912086,0.034528741239649746,0.03708251765952907,0.026478376757450836,-0.003302978515624999,0.004381835937499998,1.004294677734375
-0.7796976719766935,0.6383704742382751,0.01761590485625977,-0.024093004625693776,0.00857103217047564,-0.02654765700256443,0.0003591308593750009,0.0012080078124999984,0.998923583984375
0.17970343286001222,-0.011939594063902208,0.03389653104372543,0.01001419296868791,-0.026069090386318258,0.019017427283679847,-0.002082275390624999,-1.2695312500001638e-05,0.999900146484375
-0.9169133057988932,0.18240003634330498,0.03737657923040498,0.05797743958578715,0.005373482396002355,0.008891852997847784,-0.0008615722656249991,-0.0031865234375000016,0.999167724609375
0.2257847309154166,0.25317222685823776,0.05867185177824419,0.002819705976123023,-0.06150860038673047,0.028610076607099695,-0.005011962890624999,0.0036494140624999984,1.000876708984375
-0.4842077156488982,-0.6517998724025933,0.0779786540235353,-0.0017101562043807944,-0.008216104145509094,0.029409464050718016,0.0006032714843750009,-1.2695312500001638e-05,1.002341552734375
0.3874335948767865,0.10332913244852601,0.09174729658257899,0.06090852687905433,-0.04845193880763123,0.03020885149433633,-0.0008615722656249991,0.004625976562499998,0.998923583984375
-0.7364513121701471,-0.17321254057924415,0.10361940491047425,-0.027823479362579263,0.02802279329852144,0.01928388976488595,0.00011499023437500089,-0.0005009765625000016,0.995505615234375
0.33963582773482814,0.2584953700664816,0.13225870571764775,0.015343442592810046,0.025091706005254268,0.04886122517876382,-0.0008615722656249991,-0.0029423828125000016,1.005027099609375
0.048113479304658285,-0.871814425431512,0.09990619537588855,-0.016365592670716675,-0.03459588978491368,-0.059056079709709476,0.0006032714843750009,0.004625976562499998,0.999656005859375
0.11259421031538855,0.24721098013350462,0.09985564272624767,0.03053180402155814,-0.045254389033157955,9.85911180462571e-05,0.0003591308593750009,0.0014521484374999984,1.001853271484375
-0.3026104364838817,-0.8054569477980318,0.11329631061826906,0.04092384078859631,0.010436269538918387,0.020083277208504273,-0.0001291503906249991,0.00023144531249999836,1.001364990234375
0.29334767538582207,0.14210345126686222,0.1281844315968332,0.02573547935984822,-0.06976893730411979,0.031274701419160764,-0.0011057128906249991,0.0036494140624999984,1.001609130859375
-0.8145033253520068,-0.1923042716915559,0.08729672210921162,-0.013168042896243392,-0.02473677798028772,-0.07211274128880871,-0.0018381347656249991,0.0029169921874999984,0.998679443359375
0.32581377489042573,-0.11153421284002296,0.07054988933954572,-0.0022430811667930083,-0.03326357737888314,-0.024415957152915578,0.002068115234375001,0.00047558593749999836,0.998679443359375
-0.7954472225619794,-0.008997419577136543,0.08201155619068874,0.03772629101412303,0.03281911796023136,0.017685114877649316,0.0015798339843750009,0.0007197265624999984,0.997947021484375
0.32736524049635396,-0.1753832401277533,0.09806335398743511,-0.01796436755795331,0.007505182245651214,0.031274701419160764,0.002068115234375001,-0.0012333984375000016,1.002097412109375
-0.7852563802300492,0.11647259928450995,0.11077065807945229,-0.01663205515192278,-0.03246418993526482,0.02141558961453481,0.0015798339843750009,0.00047558593749999836,0.995017333984375
0.30787542825838105,-0.21640539094960037,0.09761880723605394,0.007616030637832947,0.042944692246063426,-0.02068548241603008,0.002068115234375001,-0.0012333984375000016,1.002585693359375
-0.5663717359556416,0.5571594612857587,0.08428055280470458,-0.022760692219663238,0.030687418110582516,-0.018820245047587333,-0.0015939941406249991,-0.0007451171875000016,0.999411865234375
0.30756897033788205,-0.23550236307719455,0.08691443108978372,0.019073917329695544,-0.06763723745447094,-0.0001678713631598494,0.0006032714843750009,0.0019404296874999984,1.002585693359375
-0.1384266818406517,0.8213880809876956,0.08421774490508263,-0.005973555903678504,-0.0002222297093258871,-0.0007007963255720633,-0.002326416015624999,0.0026728515624999984,0.999900146484375
0.0813320583063711,-0.31249467302393513,0.07119545995332437,0.0036190934197413436,-0.01541059113807398,-0.024415957152915578,0.0006032714843750009,0.00047558593749999836,1.000388427734375
-0.14884285371131634,0.8118340792080228,0.07566855303147095,0.022271467104168823,0.0077716447268573186,0.009424777960259999,-0.004523681640624999,-0.0007451171875000016,0.999900146484375
-0.023259624316842444,-0.32188929428665347,0.07512966770683463,0.006017255750596306,0.009903344576506178,-0.001766646250396491,0.0008474121093750009,-0.0009892578125000016,1.001120849609375
0.8832019730539448,0.41451354616155556,0.09316855906350766,0.0033526309385352366,0.05760012871239931,0.03020885149433633,0.004753662109375001,0.0007197265624999984,1.002097412109375
-0.17044912522209024,-0.03329234250416105,0.07508640401805469,0.006816643194214626,-0.011413653919982378,-0.0252153445965339,-0.0011057128906249991,0.0007197265624999984,1.005027099609375
0.21372657071268972,1.0577022455159493,0.09807337245341449,-0.013168042896243392,0.024558781042842058,0.03420578871242794,-0.006232666015624999,-0.0005009765625000016,1.001120849609375
-0.07053701275625938,-0.06264217594288402,0.09558706354004196,0.01694221748004669,-0.02233861564943276,0.0003650535992523645,-0.0015939941406249991,-0.0007451171875000016,0.998679443359375
-1.192188851979846,0.14592734829013043,0.10828486504808593,0.0036190934197413436,-0.02740140279234879,0.023547289464183663,-0.0001291503906249991,-0.007336914062500002,0.996482177734375
-0.045385261155081215,0.06961818628674533,0.11543643980538797,0.004951405825771878,-0.01780875346892894,0.008358928035435571,-0.0011057128906249991,0.004137695312499998,1.001120849609375
0.6098520109021341,1.0409401520023966,0.10762020995625131,-0.00011138131714415276,0.05466904141913213,-0.024682419634121683,-0.002326416015624999,-1.2695312500001638e-05,0.997214599609375
-0.036564957038431205,0.11979869050297975,0.10731169309315317,0.002553243494916916,0.041878842321239,0.010490627885084427,-0.0001291503906249991,-0.0017216796875000016,0.999411865234375
-0.5595412223738645,-0.8914281253902132,0.09731801243720198,-0.021161917332426596,0.025358168486460372,-0.023616569709297257,0.007439208984375001,-0.005383789062500002,0.999167724609375
0.1987018227756364,-0.031683842349206764,0.10483916809053775,-0.0006443062795563666,0.0016430076591168602,0.023813751945389768,-0.0018381347656249991,0.005602539062499998,0.999656005859375
-0.868797875397095,-0.45574099188721023,0.11629941746729144,-0.003841856054029648,-0.003153317002593064,0.012089402772321066,0.002800537109375001,-0.0022099609375000016,0.998191162109375
-0.2691226166325108,0.5227826259716468,0.12641962262136047,-0.018230830039159422,0.014699669238216098,0.017418652396443204,-0.005256103515624999,-0.006848632812500002,0.999411865234375
0.22620098894154028,-0.4778454496707377,0.12800783961858742,-0.04114660342288461,0.03681605517832297,0.0022302909676951126,-0.0008615722656249991,-0.0005009765625000016,1.004538818359375
-0.603645488779012,0.33800182442993826,0.12526347030747187,-0.013700967858655605,0.030420955629376405,-0.006562970912106415,0.004265380859375001,-0.00025683593750000164,1.002097412109375
0.3320555486069761,-0.3053125563763289,0.11378284260510342,0.0006880061264741681,0.03281911796023136,-0.020152557453617867,0.002068115234375001,0.0007197265624999984,0.999900146484375
-0.7325994074257279,0.06378271597383091,0.11791960888279164,0.02706779176587875,-0.023670928055463294,0.0032961408925195404,0.002068115234375001,-0.0034306640625000016,1.002341552734375
0.4026807942134736,-0.15665113909206538,0.13775599810940348,0.02440316695381768,0.027489868336109224,0.0366039510432829,0.0015798339843750009,-1.2695312500001638e-05,1.001120849609375
-0.6925073880581755,0.24296111031932646,0.12451187892306682,-0.028889329287403696,0.022160618711987094,-0.02175133234085451,-0.0011057128906249991,-0.0036748046875000016,0.999167724609375
0.462025929016076,0.08432213044219347,0.14392354583414899,0.029465954096733714,-0.03619466467215032,0.027810689163481374,-0.002570556640624999,0.0016962890624999984,1.000388427734375
-0.5974653929729666,-0.2925048699838364,0.14067877428375553,0.028666566653115393,0.030687418110582516,-0.009227595724167485,0.0015798339843750009,-0.00025683593750000164,1.000876708984375
0.4034971136840818,0.3041304938927667,0.14125118041907933,0.02706779176587875,0.020561843824750452,0.0008979785616645775,-0.002814697265624999,0.0029169921874999984,0.999900146484375
-0.3957325265769562,-0.5228880616735598,0.15312736698697904,0.006816643194214626,-0.016742903544104515,0.018218039840061526,-0.0011057128906249991,0.0029169921874999984,1.001853271484375
0.16307453507955527,0.516248156048732,0.14347156129815591,0.02786717920949707,0.05227087908827717,-0.016688545197938477,0.0008474121093750009,-0.0024541015625000016,1.000144287109375
0.481066635390398,-0.5892616853586417,0.1386238845711598,-0.04221245334770904,-0.020739840762196118,-0.008428208280549163,-0.006476806640624999,0.0036494140624999984,1.001853271484375
-0.416710224340964,0.13924354702430025,0.15645936016948114,-0.0328862665054953,-0.01194657888239459,0.02541252683262641,0.004265380859375001,0.0012080078124999984,0.998435302734375
0.6715105194363581,0.47067503426444024,0.16825070852365703,-0.01796436755795331,0.008837494651681748,0.010490627885084427,-0.004523681640624999,-0.00025683593750000164,1.001853271484375
-0.14170794549853352,-0.304781982897456,0.1747449441197353,0.007616030637832947,0.048007479388979465,0.01288879021593939,0.003777099609375001,-0.0005009765625000016,0.996970458984375
-0.07728894541491246,0.8471700374522888,0.1846920059059935,-0.004374781016441863,0.013900281794597777,0.016885727434030988,-0.003302978515624999,-0.0019658203125000016,0.998435302734375
0.1080175879492177,-0.29970408464692144,0.19409264477375185,-0.0046412434976479695,-0.028733715198379327,0.014754027584382138,-0.003791259765624999,0.00047558593749999836,0.996970458984375
0.850442989764022,0.5844420179903932,0.18398702650623536,0.01587636755522226,0.006172869839620676,-0.020951944897236188,0.002800537109375001,0.0038935546874999984,0.997458740234375
-0.12192625946976597,-0.038949839025362504,0.1701011491347603,-0.005174168460060184,-0.02153922820581444,-0.015889157754320156,-0.0003732910156249991,-0.0007451171875000016,0.999900146484375
0.9658320548822152,-0.4101196911733608,0.1560799010974854,0.021472079660550508,0.04267822976485732,-0.016955007679144585,0.0010915527343750009,-0.0009892578125000016,0.995017333984375
-0.11204316351639718,-0.002974827249917285,0.14358138153196903,-0.013700967858655605,-0.005018554371035811,-0.028412894371007177,0.0006032714843750009,-0.00025683593750000164,1.001120849609375
-0.15485370212741037,-1.1472758954669784,0.13643084130258407,-0.02569177951293041,0.0021759326215290767,-0.013224532942259087,0.0008474121093750009,-0.0019658203125000016,0.995261474609375
0.28534626357145604,-0.10598174549098162,0.12145228329023879,-0.0030424686104113287,-0.027934327754761006,-0.017754395122762903,0.00011499023437500089,0.005602539062499998,0.997458740234375
-0.2190915817439595,0.9213245557087086,0.1423587763396758,0.007616030637832947,0.0011100826967046472,0.04273258811102336,-0.008185791015624999,-1.2695312500001638e-05,0.995505615234375
0.0350613377925317,-0.18783047779994316,0.15851087798800284,0.0004215436452680611,0.014433206757009993,0.02541252683262641,-0.0003732910156249991,-0.00025683593750000164,1.004050537109375
-0.07530337916852585,0.9378423626326079,0.16973826834739086,-0.003308931091617435,-0.026335552867524363,0.020882664652122594,0.0018239746093750009,0.00047558593749999836,1.006736083984375
-0.047546309373547375,-0.21368147626964365,0.15260393838395478,0.012945280261955084,-0.010081341513951842,-0.03001166925824382,0.0018239746093750009,-0.0009892578125000016,0.999656005859375
-0.2476843223135952,0.9195054880147687,0.1430742161034549,0.023337317028993255,0.012834431869773347,-0.014556845348289622,-0.003547119140624999,-0.0022099609375000016,1.000388427734375
-0.10629975060579458,-0.21063973555666535,0.13967581931376974,0.002553243494916916,0.012567969388567243,-0.0073623583557247355,-0.002814697265624999,-0.0026982421875000016,1.001609130859375
0.8590269447395227,0.41398599543399806,0.13701714317190486,0.0033526309385352366,0.0072387197644451055,-0.007628820836930843,0.0006032714843750009,0.0029169921874999984,1.000144287109375
-0.11538161437282549,-0.1893206581673367,0.1330809853600445,-0.003308931091617435,0.004840557433590145,-0.003631883618839239,0.0018239746093750009,0.00047558593749999836,1.000876708984375
0.846066572862337,-0.8169628201769364,0.14119219586036366,0.006816643194214626,0.002975320065147398,0.0288765390883058,0.006706787109375001,0.0031611328124999984,1.000388427734375
0.1708922038252522,0.11733859246541764,0.16821351585329405,0.008415418081451267,0.021094768787162668,0.03953503833655008,-0.002814697265624999,0.0021845703124999984,1.000388427734375
-0.9184464767196854,-0.12074818207630418,0.18531520192556655,0.057444514623374944,-0.011413653919982378,0.029942389013130226,-0.0003732910156249991,-0.005139648437500002,1.001364990234375
0.20301303047575336,-0.3743747359638319,0.20794688531208735,0.008948343043863482,0.0077716447268573186,0.048061837735145496,0.005486083984375001,-0.0014775390625000016,1.002097412109375
-0.44187728969227746,0.5586478676610368,0.17068204846324142,0.02013976725451997,-0.010880728957570163,-0.06331947940900717,-0.0013498535156249991,-0.0019658203125000016,1.000144287109375
0.17676023592535128,-0.383979519262412,0.16936696744919413,-0.017164980114334996,0.02722340585490312,-0.003898346100045346,-0.0006174316406249991,-0.0017216796875000016,0.999656005859375
-0.39179255018192133,0.5919470946746499,0.14756550547564484,-0.0006443062795563666,-0.03353003986008925,-0.03614030632598428,-0.0008615722656249991,-0.0012333984375000016,1.000876708984375
0.46336884753925833,-0.15611883426079745,0.17023483579178966,0.007882493119039054,0.03468435532867411,0.03420578871242794,-0.003058837890624999,0.0012080078124999984,0.997947021484375
-0.5737538854600214,-0.5946060254793724,0.16499021883502893,0.03133119146517646,0.014966131719422203,-0.021218407378442293,0.005241943359375001,0.0021845703124999984,1.002585693359375
0.29413465987291226,0.16729868301056597,0.17482943934126957,0.026534866803466534,-0.0063508667770663454,0.022481439539359237,-0.002326416015624999,0.004137695312499998,0.999900146484375
-0.2565323284974586,-0.8438846406054876,0.17958118977803372,-0.03128749161825866,0.005906407358414571,0.002496753448901219,0.005486083984375001,0.0007197265624999984,0.999900146484375
-0.28709823061093825,0.3041937824900973,0.16510532896881935,-0.0009107687607624732,0.004574094952384037,-0.025481807077740004,-0.0011057128906249991,-0.004895507812500002,1.000388427734375
0.12622407856447937,-0.7624403793263209,0.15936730283562334,0.0020203185325047023,0.004574094952384037,-0.007095895874518629,-0.0018381347656249991,-0.0036748046875000016,1.000632568359375
0.2122741110594536,0.3458522960400456,0.15051641009768987,0.02440316695381768,-0.06177506286793658,-0.015089770310701835,-0.0018381347656249991,0.0031611328124999984,1.001364990234375
-0.13308338724460655,-0.7659889521478852,0.16387086304541396,-0.009970493121770108,-0.030332490085615966,0.0211491271333287,-0.0003732910156249991,0.0019404296874999984,0.995993896484375
0.24495930261926255,0.31589029972030686,0.17603483451216637,-0.018230830039159422,0.0067057948020328925,0.02408021442659588,0.0008474121093750009,0.0021845703124999984,0.997702880859375
-0.016081213132745242,-0.8067304560053947,0.1562347705417928,0.007616030637832947,-0.013811816250837338,-0.03640676880719039,0.004265380859375001,0.0019404296874999984,0.997947021484375
0.3172474823294975,0.273672517627598,0.15504393060029034,0.018008067404871115,-0.03326357737888314,0.0003650535992523645,-0.0001291503906249991,0.0038935546874999984,0.999900146484375
-0.4433235978145591,-0.6218081024662444,0.1504009589545769,-0.04114660342288461,-0.031398340010440395,-0.01215868301743466,0.003288818359375001,-0.0012333984375000016,1.002341552734375
-0.02102536064744008,0.45256419919816065,0.1342801328777657,0.011346505374718444,0.011502119463742817,-0.027080581964976647,-0.002082275390624999,-0.0026982421875000016,0.999167724609375
-0.3450912565967001,-0.6244065099487135,0.16886395580293093,0.03372935379603142,0.028289255779727553,0.059786186908214196,0.0010915527343750009,-0.0031865234375000016,0.998679443359375
0.27417835495088205,0.3318315363876736,0.1787014433489247,-0.016099130189510563,-0.0034197794837991687,0.020083277208504273,-0.0001291503906249991,0.0012080078124999984,0.997947021484375
-0.5918587635352108,-0.4371787297676498,0.17513031537335902,0.009214805525069588,-0.0431226891835091,-0.0073623583557247355,0.0006032714843750009,-0.0026982421875000016,0.998679443359375
0.2268062279853297,0.34758085341857176,0.20530244718858168,-0.010503418084182321,-0.01914106587495948,0.05365754984047374,-0.002326416015624999,-1.2695312500001638e-05,1.001364990234375
-0.9009017845658812,0.17422548038338567,0.1795535139233248,0.0017538560512985954,0.04401054217088786,-0.03614030632598428,-0.005256103515624999,-0.0007451171875000016,1.003073974609375
0.19272162598140866,-0.11639738940211215,0.16921763483891555,-0.021694842294838812,0.015765519163040524,-0.018820245047587333,0.0010915527343750009,-0.0005009765625000016,1.007468505859375
-0.9359114445495458,-0.0019248650929307345,0.1927631135387328,0.020672692216932187,0.004574094952384037,0.039002113374137864,0.0018239746093750009,0.0012080078124999984,1.002097412109375
0.1616477642479704,0.25450409410919966,0.18862648717873323,-0.023027154700869343,-0.04392207662712742,-0.01215868301743466,-0.003302978515624999,-0.0031865234375000016,1.000632568359375
0.43736243929287255,-0.855468630600382,0.1775070379289768,-0.016365592670716675,-0.0002222297093258871,-0.016955007679144585,0.0015798339843750009,0.004381835937499998,1.003562255859375
0.08429596675195206,0.23621325934694473,0.1827057962762104,0.03213057890879478,0.013367356832185564,0.005161378260962288,-0.003058837890624999,0.0014521484374999984,0.993308349609375
-0.7846047700615288,-0.49177498543556397,0.1800596824046678,0.02626840432226043,0.0021759326215290767,-0.00789528331813695,0.00011499023437500089,-0.0036748046875000016,1.002585693359375
0.1710112271878734,0.18006682218719952,0.18098678054403686,0.01161296785592455,0.05147149164465885,0.00676015314819893,-0.0018381347656249991,0.0016962890624999984,1.006003662109375
-0.9730913079439499,0.2200381391779002,0.19838432356338231,0.0009544686076802746,-0.02153922820581444,0.03740333848690122,-0.003302978515624999,-0.0005009765625000016,1.000388427734375
0.1561847620101407,0.06417217004649396,0.21569895869753622,-0.007305868309709038,0.022160618711987094,0.025678989313832515,-0.0013498535156249991,-0.00025683593750000164,0.998923583984375
-0.6702989984596799,-0.7476377382675988,0.22861598204444095,-0.018230830039159422,-0.012745966326012912,0.013954640140763813,0.0013356933593750009,0.00023144531249999836,0.997458740234375
0.01716143606558728,0.14975508423766654,0.23290498573981036,-0.003308931091617435,-0.031398340010440395,0.013421715178351603,-0.0008615722656249991,-0.0012333984375000016,1.006003662109375
-0.6966553313473556,-0.7475865178744335,0.23368379445490894,-0.03182041658067087,0.023226468636811513,-0.005230658506075881,-0.0006174316406249991,-0.0012333984375000016,1.004782958984375
0.3150394751011943,-0.18350948562803884,0.2537199230162001,0.013478205224367299,0.020828306305956557,0.04939415014117603,0.003532958984375001,0.005114257812499998,0.996970458984375
-0.555137140183429,0.5585312850750362,0.26303635966469535,0.011879430337130657,0.0077716447268573186,0.0211491271333287,-0.0018381347656249991,-0.0005009765625000016,0.996726318359375
-0.3365972494225944,-0.5844043219245458,0.2649206714267611,0.04278907815703906,-0.023670928055463294,0.003562603373725647,-0.003302978515624999,-0.008557617187500002,0.996970458984375
0.35193444130407986,0.33636553709767636,0.2451684593675135,-0.014500355302273926,0.019229531418719914,-0.03161044414548046,-0.0015939941406249991,0.0031611328124999984,1.001364990234375
-0.6623906206394699,-0.1844829879813152,0.2571319618323751,0.010547117931100122,0.0011100826967046472,0.023280826982977558,-0.0008615722656249991,-0.0036748046875000016,1.003073974609375
0.44892764322740697,0.06866733205616873,0.2493962029162823,0.0017538560512985954,-0.05298180098813505,-0.01215868301743466,-0.0013498535156249991,0.006334960937499998,1.000388427734375
-0.07239610728045687,-0.9469228438288836,0.2505613157783151,0.00814895560024516,0.004307632471177929,-0.0049641960248697735,0.005974365234375001,0.004137695312499998,1.001120849609375
0.08638313398137572,0.1948727443484738,0.26650577783327706,0.03106472898397035,0.008038107208063423,0.029143001569511905,0.004509521484375001,0.00023144531249999836,1.005027099609375
-0.3139040167253571,-0.8870515076376734,0.2541941846883829,-0.01583266770830446,-0.008482566626715201,-0.025748269558946116,0.002800537109375001,-0.0007451171875000016,1.000876708984375
0.20473883938195148,0.12232900178391598,0.2602345084636402,-0.023027154700869343,-0.009814879032745735,0.016885727434030988,0.0008474121093750009,0.0021845703124999984,0.997702880859375
-0.7754240839165413,-0.4542201417148754,0.2575228318973847,0.0041520183821535574,0.022960006155605416,-0.009760520686579698,0.0006032714843750009,-0.0009892578125000016,0.997702880859375
0.06673799098579176,0.2854164104396529,0.24460665667495265,-0.025158854550518202,-0.037526977078180854,-0.02068548241603008,-0.004767822265624999,0.0007197265624999984,1.006980224609375
-0.5609845225265301,-0.6684377159074659,0.252700739781664,0.006283718231802413,0.004307632471177929,0.010490627885084427,-0.002082275390624999,-0.0007451171875000016,0.998191162109375
0.33587089711562756,0.07067382710922801,0.23014041327117005,0.0017538560512985954,0.04267822976485732,-0.03081105670186214,0.0003591308593750009,0.004381835937499998,1.000144287109375
-0.6666361264888372,-0.4819819708109197,0.23049095028641778,-0.005973555903678504,0.014966131719422203,-0.005763583468488095,0.004265380859375001,-0.003918945312500002,1.002097412109375
0.3168974354397032,0.07807433378257343,0.23015114038809148,-0.009704030640564,-0.03246418993526482,0.005161378260962288,-0.0011057128906249991,0.004625976562499998,0.996970458984375
-0.3733554821717608,-0.8503239335755614,0.23751719474429803,0.004684943344565771,-0.02740140279234879,0.004894915779756183,0.004021240234375001,0.0014521484374999984,1.001853271484375
0.3992235516711146,0.0038312272426349837,0.23254081818902145,0.022537929585374934,-0.006617329258272454,0.0008979785616645775,0.004997802734375001,0.0021845703124999984,0.997702880859375
-0.7335275699223684,0.07085695896820465,0.2351514217940251,0.018540992367283328,-0.016476441062898407,0.005960765704580609,-0.0008615722656249991,-0.004895507812500002,1.002585693359375
0.4022852897351003,0.05928080622947517,0.27981566713179706,-0.017697905076747213,-0.034062964822501464,0.07524101081816842,-0.0013498535156249991,0.0038935546874999984,0.999411865234375
-0.6690654774195436,-0.2982925377601884,0.2707123948685077,0.02440316695381768,0.01763075653148327,-0.01988609497241176,0.0003591308593750009,0.0029169921874999984,1.002585693359375
0.15346958987311507,0.4967617763082418,0.25751875955852593,-0.035284428836350266,0.032552655479025264,-0.024948882115327795,-0.003547119140624999,-0.0022099609375000016,1.005515380859375
0.3351219528050221,-0.6162723083949465,0.24096887786554394,-0.004907705978854076,0.031220343072994726,-0.02867935685221329,0.0003591308593750009,0.004137695312499998,0.996726318359375
-0.18313728724688216,0.41500661004164147,0.22390599954601945,0.01081358041230623,0.021627693749574878,-0.03161044414548046,-0.0011057128906249991,-0.00025683593750000164,1.001120849609375
0.13116337526544225,-0.660787401579305,0.2484495965029032,-0.011302805527800643,0.04241176728365121,0.04406490051705389,-0.0013498535156249991,-0.0014775390625000016,0.999900146484375
0.06013970862258695,0.493284989415169,0.23158210272166208,-0.015566205227098355,0.017097831569071062,-0.02947874429583161,-0.003791259765624999,0.0014521484374999984,0.996970458984375
-0.4271425208146787,-0.5461674643507395,0.237131150885644,0.04332200311945127,-0.02500324046149383,0.009691240441466105,0.002800537109375001,-0.004651367187500002,1.000388427734375
-0.19171438955112305,0.5379231546504237,0.2310715059266004,-0.018497292520365527,-0.061242137905524366,-0.010826370611404125,-0.0008615722656249991,-0.005139648437500002,0.994284912109375
-0.03472962758593719,-0.5928718302882996,0.2243639748068462,0.01934037981090165,0.010169807057712279,-0.01135929557381634,0.003288818359375001,-0.0017216796875000016,1.001364990234375
0.19795858875790687,0.5408098784226625,0.2248873634313425,-0.005174168460060184,0.021361231268368766,0.0011644410428706849,-0.0006174316406249991,0.0016962890624999984,0.998923583984375
0.0757867436933639,-0.5973077501593207,0.24472437470707675,-0.0035753935728235426,0.0027088575839412897,0.03447225119363404,0.0003591308593750009,0.0024287109374999984,1.002585693359375
0.17181331236729197,0.5369397169490157,0.2465565738597071,0.026534866803466534,-0.01541059113807398,0.003029678411313432,-0.0018381347656249991,0.0021845703124999984,0.997458740234375
-0.3966939728686912,-0.4527401206889527,0.2271626754883513,-0.005707093422472399,0.012567969388567243,-0.033209219032717105,-0.0006174316406249991,-0.0019658203125000016,1.000388427734375
0.019996797690153507,0.6262641655138643,0.22390000791770356,-0.033685653949113624,0.03361850540384969,-0.006296508430900308,-0.002326416015624999,-0.0026982421875000016,0.995261474609375
-0.13469879214220198,-0.5146600346362032,0.20950138015503025,-0.007838793272121253,-0.008482566626715201,-0.024948882115327795,0.004753662109375001,-0.0017216796875000016,0.997458740234375
0.18304890782670014,0.5964664222447648,0.23343738656151153,0.0020203185325047023,0.017097831569071062,0.04140027570499283,0.0008474121093750009,-1.2695312500001638e-05,0.999411865234375
0.3378392523292553,-0.5148276517379298,0.27245048752580686,0.028666566653115393,0.04614224202053671,0.06804652382560353,-0.002814697265624999,0.004137695312499998,1.004294677734375
-0.1074699138777611,0.5383766835857741,0.2651600227037693,-0.009704030640564,-0.00874902910792131,-0.012425145498640766,0.0018239746093750009,0.0029169921874999984,0.998435302734375
0.24337187965921653,-0.5573147197396376,0.268724052177291,-0.007838793272121253,-0.010880728957570163,0.0062272281857867155,0.002312255859375001,0.0019404296874999984,0.997702880859375
-0.08994687959496207,0.5561985419291109,0.2620357378162941,0.007882493119039054,0.03228619299781915,-0.011892220536228553,-0.003302978515624999,0.00023144531249999836,1.003073974609375
0.7668339895857488,-0.21846661610800697,0.30145917740662326,0.01934037981090165,-0.0018210045965625296,0.06458251156992413,-0.004279541015624999,0.004381835937499998,1.001853271484375
-0.35106976101757076,-0.4327314218460486,0.2904962155106753,0.02093915469813829,-0.04152391429627245,-0.029745206777037715,0.005974365234375001,0.00047558593749999836,0.997458740234375
0.3189851929133844,0.47497016914299967,0.2802998501580726,0.030265341540352035,-0.05964336301828772,-0.018820245047587333,0.0008474121093750009,-0.0014775390625000016,0.996482177734375
-0.22603703716437126,-0.5077336083567748,0.2890932380943124,0.01694221748004669,0.03495081780988022,0.015020490065588242,-0.003058837890624999,0.0026728515624999984,0.999411865234375
0.14558528944221685,0.5853068651806348,0.30339465182463576,0.04945064018719173,-0.0004886921905319953,0.02408021442659588,0.002556396484375001,-0.0019658203125000016,1.000388427734375
0.019955721962079346,-0.5614923635488736,0.3073900498634601,-0.0025095436479991157,-0.013278891288425125,0.007026615629405037,0.004265380859375001,0.0009638671874999984,1.001120849609375
-0.06426387480537676,0.6104842443417711,0.29233148613289606,-0.022494229738457133,0.049339791795009996,-0.026014732040152214,0.004021240234375001,-1.2695312500001638e-05,1.002341552734375
0.02068761530340509,-0.5287058638937328,0.28889791549274046,0.03053180402155814,0.008304569689269532,-0.005763583468488095,-0.0001291503906249991,-0.0005009765625000016,1.000144287109375
0.45710792226493563,0.5285488852061259,0.30945585588321256,-0.02089545485122049,0.004840557433590145,0.036071026080870684,-0.003058837890624999,0.005602539062499998,1.004050537109375
-0.4149594839975778,-0.2139971239799121,0.2968436246217683,-0.009437568159357894,0.012567969388567243,-0.01802085760396901,0.0008474121093750009,-0.0036748046875000016,1.003806396484375
0.4620527674562165,0.5173663891811665,0.30365535399708576,-0.026757629437754844,0.021627693749574878,0.008092465554229464,-0.0001291503906249991,-0.0024541015625000016,1.002829833984375
-0.15870963732322707,-0.45348371445473035,0.28589513280620854,0.019073917329695544,-0.025802627905112147,-0.03001166925824382,0.002068115234375001,0.0007197265624999984,0.994040771484375
0.215351199511062,0.6385569469499098,0.29433960948364657,-0.02569177951293041,0.024558781042842058,0.013954640140763813,-0.003791259765624999,0.0014521484374999984,1.005515380859375
-0.3192151594252972,-0.38149087355097383,0.2900593360219208,-0.01236865545262507,-0.004752091889829705,-0.005497120987281987,0.0003591308593750009,-0.0022099609375000016,1.001853271484375
0.5905136869482587,0.3256027716203613,0.2772066098295437,0.014011130186779514,-0.0002222297093258871,-0.02175133234085451,-0.0003732910156249991,0.0034052734374999984,1.003806396484375
0.24760042259823767,-0.7854773780772232,0.269783932886678,0.023870241991405472,-0.03859282700300529,-0.014823307829495728,0.0003591308593750009,0.008288085937499998,0.995261474609375
0.16826475004029212,0.32220634515209395,0.27393167182497596,-0.005707093422472399,-0.0623079878303488,0.007026615629405037,0.00011499023437500089,0.0034052734374999984,0.996482177734375
0.053209004272937024,-0.8048342192097255,0.2934265841925677,0.004951405825771878,0.0224270811931932,0.03313993878760351,0.0015798339843750009,0.0021845703124999984,0.996726318359375
-0.16217593664594052,0.32869401862636033,0.31383398389436457,-0.011569268009006749,0.011768581944948925,0.03420578871242794,-0.0015939941406249991,-0.0019658203125000016,0.998679443359375
-0.6094621232119944,-0.7182074103747784,0.3270118410246449,-0.007838793272121253,0.017364294050277167,0.020349739689710385,0.004997802734375001,-0.007336914062500002,1.001853271484375
0.1344413697083748,0.1485843757690341,0.3055310903592719,-0.014500355302273926,0.004041169989971824,-0.03081105670186214,0.0006032714843750009,-0.00025683593750000164,0.999656005859375
-0.8341009970168431,0.7496084831305815,0.29048491292811696,-0.004907705978854076,-0.0276678652735549,-0.01295807046105298,-0.003791259765624999,0.00047558593749999836,1.000632568359375
0.036612148308120124,-0.015553270549124145,0.2888784965550421,0.0483847902623673,0.019229531418719914,-0.011625758055022445,0.002556396484375001,0.0024287109374999984,1.002341552734375
0.22230643741803924,1.105957972804105,0.31848521345920694,0.028133641690703176,-0.02047337828099001,0.04859476269755771,-0.003547119140624999,0.0012080078124999984,0.997947021484375
0.2511740290223545,-0.018013942550631726,0.35153988816637977,-0.024892392069312097,0.03708251765952907,0.05658863713374091,-0.006232666015624999,0.004381835937499998,1.002829833984375
-0.7986123031676678,0.4495688551572434,0.3401605548052479,-0.006240018384884612,4.423277188022115e-05,-0.01295807046105298,-0.002082275390624999,-0.0009892578125000016,0.996970458984375
0.09946617471093035,-0.3019517599687478,0.3391332194597693,0.03532812868326807,-0.026069090386318258,-0.003898346100045346,-0.0008615722656249991,-0.005627929687500002,1.003073974609375
-1.0311473971491598,-0.03807551918179921,0.33696713798474887,-0.02702409191896095,0.0003106952530863259,-0.009494058205373591,0.004753662109375001,-0.0005009765625000016,1.002585693359375
0.10332310937704943,0.029760209044142682,0.34070067891629474,-0.01583266770830446,-0.009814879032745735,0.006493690666992822,-0.0006174316406249991,0.0019404296874999984,1.003562255859375
-0.48189051356479407,1.030902498557987,0.3654481496703628,0.00814895560024516,0.03281911796023136,0.05259169991564931,-0.003547119140624999,-1.2695312500001638e-05,1.001364990234375
-0.13014411337558635,-0.0812308278722315,0.36401247354617866,0.026534866803466534,-0.029266640160791536,-0.0073623583557247355,0.0006032714843750009,-0.0026982421875000016,1.000632568359375
1.0317943044802795,-0.012300084384718099,0.3871021374804441,0.03106472898397035,0.010436269538918387,0.04193320066740504,0.0010915527343750009,0.0036494140624999984,1.000388427734375
-0.08487896500661932,-0.0901483048870058,0.40509746395842516,0.04545370296910013,0.013633819313391672,0.029409464050718016,0.0018239746093750009,-0.0034306640625000016,1.003073974609375
0.5873864626455733,0.8425506120120047,0.39294644205930146,0.017741604923665007,-0.004485629408623598,-0.028945819333419394,-0.002570556640624999,0.0014521484374999984,1.001364990234375
-0.3522884424811689,0.18897674458726643,0.40354827442131475,-0.0030424686104113287,0.008038107208063423,0.03313993878760351,-0.0018381347656249991,-0.008069335937500002,0.998191162109375
0.5230519598559152,-0.5564539732701846,0.4116360412662856,0.006283718231802413,-0.0028868545213869574,0.019017427283679847,-0.0015939941406249991,-0.004163085937500002,1.005271240234375
-0.2820853396069279,0.2533181482807738,0.3851362227971115,-0.007838793272121253,-0.017542290987722836,-0.04972989286749574,0.0006032714843750009,0.00023144531249999836,1.000876708984375
0.272334569248693,-0.7681749538470695,0.37250437416767945,0.014544055149191727,-0.024470315499081616,-0.017754395122762903,0.00011499023437500089,-0.0024541015625000016,0.995749755859375
-0.16627219058250128,0.25610576455771483,0.3710543581167336,0.02360377951019936,-0.050050713694867875,-0.006030045949694201,0.004021240234375001,0.0007197265624999984,1.002829833984375
-0.4800386186483036,-0.8524581539512732,0.37018340300623137,-0.007838793272121253,-0.009015491589127414,-0.00443127106245756,0.0008474121093750009,-0.004407226562500002,1.003562255859375
0.3580665448444185,-0.09066922566092195,0.34862039970620773,-0.005707093422472399,-0.02846725271717322,-0.025748269558946116,0.0006032714843750009,0.007067382812499998,1.001609130859375
-0.2197087171189642,-1.0666955107267604,0.35321637365142056,0.005750793269390199,0.020295381343544347,-0.002299571212808705,0.005974365234375001,0.0036494140624999984,0.997702880859375
-0.06807857101068573,0.0740768847214477,0.3251940357975026,0.011346505374718444,0.0072387197644451055,-0.04679880557422856,0.002068115234375001,-0.0017216796875000016,0.997702880859375
-0.24854124357554333,-1.0496609112948654,0.32801537895362276,-0.02569177951293041,0.01763075653148327,0.0022302909676951126,0.002312255859375001,-0.0017216796875000016,1.004782958984375
-0.006797420541156714,0.05360520782264439,0.32352001500319916,0.034262278758443634,-0.03646112715335643,-0.0049641960248697735,-0.0011057128906249991,-0.0005009765625000016,1.001120849609375
0.35342580787033395,1.1383114468579478,0.3209025454822903,0.017741604923665007,-0.01114719143877627,-0.011092833092610232,-0.003547119140624999,0.0007197265624999984,0.998923583984375
-0.11571801419409004,0.06802104523651727,0.3335214211984512,-0.04301184079132736,-0.02473677798028772,0.029942389013130226,-0.004035400390624999,-0.0005009765625000016,1.001364990234375
0.0059826275205609,1.2324215645492405,0.3396571697792608,-0.028889329287403696,0.04694162946415503,0.008358928035435571,-0.003547119140624999,-0.0017216796875000016,0.994773193359375
0.11290875272104749,0.11210667865507054,0.344729394994609,-0.02009606740760217,0.033884967885055794,0.0062272281857867155,0.003288818359375001,0.0026728515624999984,0.996726318359375
0.05192848043635178,1.2407100157635622,0.3234434366928301,-0.0174314425955411,-0.02820079023596711,-0.035873843844778174,-0.002814697265624999,0.0019404296874999984,1.003806396484375
0.25727962805226523,0.11500261870644266,0.3089877553317828,0.012145892818336763,0.004840557433590145,-0.0292122818146255,0.0008474121093750009,0.004870117187499998,1.000876708984375
-0.8590485896808132,-0.024409742187344725,0.32702967848602005,0.030265341540352035,0.048007479388979465,0.032873476306397406,-0.0006174316406249991,-0.004895507812500002,0.994773193359375
0.2872010945637476,-0.20781497258808151,0.3325694574692509,0.023337317028993255,-0.019407528356165583,0.013421715178351603,0.003044677734375001,0.0021845703124999984,1.002097412109375
-0.7974243222837614,0.13331999394170443,0.32638870330293335,0.020406229735726075,0.013367356832185564,-0.01215868301743466,0.0015798339843750009,-0.0017216796875000016,1.000632568359375
0.2998446227832643,-0.10050962696050304,0.34617178992872333,-0.03794905364841133,0.02269354367439931,0.03420578871242794,0.0008474121093750009,0.00047558593749999836,0.997702880859375
-0.7544959966941706,0.33536118898815226,0.32782312333746655,0.01934037981090165,0.024292318561635946,-0.028412894371007177,-0.0001291503906249991,0.00047558593749999836,0.995993896484375
0.17268108590878897,-0.34439675342540155,0.35450773626835436,0.018807454848489436,0.014166744275803885,0.04699598781032107,0.0018239746093750009,-0.0029423828125000016,0.999900146484375
0.22809574863525034,0.7981521824354579,0.3028217013991244,-0.013434505377449496,-0.003153317002593064,-0.09049865249203008,-0.0008615722656249991,0.0034052734374999984,1.003318115234375
-0.01941649960281991,-0.31287267651439443,0.3214208167982427,-0.001976618685586901,0.014166744275803885,0.03420578871242794,-0.0013498535156249991,0.0012080078124999984,0.997458740234375
0.07826249482591176,0.8289912617445214,0.3056272845192932,0.014810517630397833,-0.0010216171529442084,-0.028412894371007177,-0.0018381347656249991,0.00023144531249999836,1.000632568359375
0.15279167306119654,-0.30246934174211365,0.30786475313671324,0.0012209310888863815,0.021094768787162668,0.0032961408925195404,0.0018239746093750009,0.0024287109374999984,1.004782958984375
0.8357740358393922,0.6294859068283277,0.3290252959532508,0.020406229735726075,0.005906407358414571,0.03340640126880962,0.002556396484375001,0.004625976562499998,0.998679443359375
0.02071077708301275,-0.1769715666128565,0.3243260612563278,0.01001419296868791,-0.01194657888239459,-0.002299571212808705,0.0010915527343750009,0.0021845703124999984,0.998679443359375
0.5415850186966373,0.8369370897266288,0.34138658199088057,-0.023826542144487664,0.0005771577342924342,0.02461313938900809,-0.0003732910156249991,0.0021845703124999984,0.998923583984375
-0.31379631200017233,0.10282136837730153,0.323020890808668,0.026001941841054324,0.020028918862338235,-0.01961963249120565,-0.005011962890624999,-0.0017216796875000016,0.996726318359375
0.26021759478011125,-0.8838982117283984,0.33038878207622685,0.016409292517634476,0.018163681493895488,0.019816814727298168,0.003532958984375001,-0.0024541015625000016,0.998679443359375
-0.29037045135253875,0.10873424969692125,0.33967548478225,0.021205617179344396,-0.009814879032745735,0.009424777960259999,0.003044677734375001,-0.0024541015625000016,1.003806396484375
0.6847299477292876,-0.5367065265532308,0.3262081422901163,0.031597653946382566,-0.026335552867524363,-0.01722147016035069,0.002556396484375001,0.0016962890624999984,0.998679443359375
-0.051355399642001705,0.32194624704277763,0.3530318950441092,0.024669629435023786,-0.013012428807219019,0.04433136299826,-0.003302978515624999,0.0009638671874999984,0.996238037109375
-0.07721222729651141,-0.8258774561108689,0.3783527118247679,0.013478205224367299,-0.004219166927417492,0.04406490051705389,0.005974365234375001,-0.0012333984375000016,0.998435302734375
0.1671802881842909,0.31070334244419956,0.4025164851423162,0.004418480863359664,0.02882218074213977,0.04406490051705389,-0.003058837890624999,0.0024287109374999984,1.000876708984375
-0.27108013450275875,-0.7664046153269151,0.39982758552289716,-0.038481978610823545,-0.016476441062898407,-0.00789528331813695,0.0008474121093750009,0.00047558593749999836,1.002585693359375
-0.026408756526066723,0.3480199843311823,0.4084755244885584,-0.0006443062795563666,-0.00874902910792131,0.016619264952824883,-0.0003732910156249991,-0.0017216796875000016,1.000388427734375
0.3800705117122281,-0.7314543470704234,0.3819526446327542,0.008681880562657375,-0.010880728957570163,-0.043867718280961386,0.0003591308593750009,0.0019404296874999984,0.997458740234375
-0.39257785206417567,0.08070170219044726,0.3758684251240744,0.007349568156626841,-0.052715338506928944,-0.01802085760396901,0.0015798339843750009,-0.0036748046875000016,0.998191162109375
0.3089115281426067,-0.8083263448769462,0.3870629765641561,-0.03475150387393805,0.0021759326215290767,0.027277764201069157,0.002800537109375001,-0.0034306640625000016,0.998191162109375
-0.23966998332312753,0.2008137777821395,0.380907948232456,-0.028889329287403696,-0.010081341513951842,-0.015356232791907943,0.004265380859375001,0.00023144531249999836,0.999900146484375
0.09941979878547838,-0.9091673386390675,0.38116038974763217,0.02280439206658104,-0.019940453318577796,0.00409552833613786,0.002312255859375001,-0.0024541015625000016,0.999167724609375
0.2713074062257819,0.2444069633178768,0.39450368647089895,-0.011569268009006749,0.0378819051031474,0.025146064351420305,-0.004035400390624999,0.004870117187499998,0.998679443359375
-0.8348379472160228,0.4465650396031321,0.3737151471564362,0.03532812868326807,-0.01567705361928009,-0.024415957152915578,-0.005500244140624999,-0.0017216796875000016,1.004538818359375
0.21838528009798688,0.008760962405349891,0.3690258923438523,0.0012209310888863815,0.02669048089249091,-0.015089770310701835,-0.0003732910156249991,0.0026728515624999984,1.000876708984375
-0.8936060004089587,0.22451311749685002,0.3620704231638128,0.022271467104168823,-0.006084404295860239,-0.008161745799343057,-0.0003732910156249991,0.0026728515624999984,0.998191162109375
0.23605694727587603,-0.015413849006231809,0.36585910810266825,0.015343442592810046,-0.0028868545213869574,0.003029678411313432,-0.0008615722656249991,-0.0012333984375000016,0.994040771484375
-0.8901142491788879,-0.09807799335666502,0.37507427199845705,0.02573547935984822,0.04241176728365121,0.013954640140763813,0.0010915527343750009,-0.004651367187500002,0.999656005859375
0.17399325454921113,0.2726736609879779,0.3518827778707377,-0.03315272898670141,-0.005551479333448026,-0.04333479331854917,-0.003058837890624999,-0.0017216796875000016,0.999900146484375
-0.6061724187838372,-0.5679579840579307,0.3537727478714413,0.004684943344565771,-0.006617329258272454,-0.0001678713631598494,0.004509521484375001,-0.005627929687500002,0.995993896484375
0.09867990805484854,0.35708252105399924,0.34125142130628816,0.008948343043863482,0.030687418110582516,-0.019353170009999546,0.0015798339843750009,-0.004163085937500002,1.002829833984375
0.10476948318946243,-0.7908482669737354,0.32520310797574775,-0.029688716731022018,-0.003952704446211383,-0.028146431889801073,0.004265380859375001,0.0019404296874999984,1.003806396484375
-0.11180424786756614,0.31002349431523996,0.3284476068181092,0.0041520183821535574,-0.04179037677747856,0.00409552833613786,0.0018239746093750009,-0.0005009765625000016,0.997458740234375
-0.603978959554667,-0.717054649397992,0.32420261339837586,-0.028089941843785375,0.02669048089249091,-0.010559908130198019,0.0015798339843750009,-0.005139648437500002,0.998923583984375
0.25443804499438416,0.04596441528132795,0.34998742077879264,-0.0030424686104113287,0.010436269538918387,0.05392401232167985,0.003044677734375001,0.00023144531249999836,1.002341552734375
-0.8738407337633317,-0.1356760924816564,0.3331042056926785,0.002819705976123023,0.01629844412545274,-0.031077519183068246,0.00011499023437500089,-0.0009892578125000016,1.002585693359375
0.27731020147061275,-0.1299224706385369,0.32114480947413576,0.009481268006275696,-0.029533102641997648,-0.016688545197938477,0.002068115234375001,-1.2695312500001638e-05,1.001120849609375
1.0366961816993658,-1.0168817948721474,0.32672990967928744,0.03772629101412303,-0.01780875346892894,0.023014364501771453,0.006950927734375001,0.008776367187499998,0.998191162109375
0.14132071228500584,-0.3186378204806949,0.3486641976722618,0.02573547935984822,0.0035082450275596075,0.019550352246092063,0.004265380859375001,0.00047558593749999836,0.999900146484375
1.249756663404889,0.07499352636037393,0.3366199185031097,0.055845739736138295,0.0011100826967046472,-0.01722147016035069,0.004021240234375001,0.006823242187499998,1.007712646484375
0.10169195420604742,0.24032387434886632,0.3310895584005096,-0.023027154700869343,0.01203504442615503,-0.00443127106245756,-0.004767822265624999,-0.0029423828125000016,1.000876708984375
-0.6222005008937903,-0.6595299716501895,0.31952375021610263,-0.031553954099464765,0.0051070199147962535,-0.024948882115327795,-0.0015939941406249991,-0.00025683593750000164,0.998923583984375
0.23859073054414073,0.06464543231688546,0.3097325292225814,-0.03874844109202965,-0.010880728957570163,-0.008961133242961376,0.00011499023437500089,0.0029169921874999984,1.000144287109375
-0.7998523749699706,-0.41963628272929704,0.33383397353368605,-0.011036343046594536,0.02375939359922373,0.03633748856207679,0.002068115234375001,-0.0024541015625000016,1.003073974609375
0.3184404243037903,-0.16541426606809054,0.2939904104567682,0.009481268006275696,-0.03432942730370757,-0.0601219296345339,0.003777099609375001,0.00047558593749999836,1.002097412109375
-0.7906933640625757,0.16532423869472487,0.2938700116911125,-0.00810525575332736,0.04427700465209396,-0.0004343338443659568,0.0006032714843750009,-0.0026982421875000016,0.999167724609375
0.27383738146689396,-0.22787650596232226,0.2971347937128459,-0.01796436755795331,0.0072387197644451055,0.00676015314819893,0.0015798339843750009,-0.0017216796875000016,0.999900146484375
0.07372571525604722,0.8950624123002301,0.3071545509796107,0.0030861684573291297,-0.00874902910792131,0.019550352246092063,-0.009162353515624999,0.0024287109374999984,1.000388427734375
-0.1146090452443184,-0.24556165292600998,0.2812344384489938,-0.03261980402428919,-0.012745966326012912,-0.043867718280961386,-0.002082275390624999,-0.0007451171875000016,1.006491943359375
0.4195017259692385,0.7587392951371548,0.3093555271464512,0.0012209310888863815,-0.017275828506516728,0.04486428796067222,-0.0013498535156249991,0.0009638671874999984,1.004294677734375
-0.13112580389590087,-0.26289600064529434,0.2882604677710511,-0.013434505377449496,-0.021805690687020547,-0.032676294070304895,0.0008474121093750009,-0.00025683593750000164,1.003073974609375
-0.010843287649859815,0.8850728473943876,0.2933101870624191,-0.024625929588105985,0.017364294050277167,0.007826003073023356,-0.002326416015624999,-0.0014775390625000016,1.003073974609375
0.10247093391382814,-0.259153182402349,0.29539371505911793,0.013478205224367299,-0.005551479333448026,0.0027632159301073256,0.002312255859375001,0.0014521484374999984,0.998435302734375
0.14636670503309882,0.8419107550220409,0.3002286037088511,0.02093915469813829,-0.07749634925909689,0.008092465554229464,-0.0008615722656249991,0.0019404296874999984,1.001120849609375
-0.14077714670032943,-0.26332856767667473,0.2934604921078518,-0.012635117933831179,0.010436269538918387,-0.009494058205373591,-0.0015939941406249991,-0.0007451171875000016,1.000144287109375
-0.5754465686913097,0.8115880479906938,0.30417627226922295,-0.024093004625693776,0.015765519163040524,0.022481439539359237,0.002800537109375001,-0.0031865234375000016,1.004782958984375
0.20224957131896598,-0.03671900786324147,0.32420174221651304,0.012412355299542871,-0.0002222297093258871,0.02594545179503862,-0.005011962890624999,-0.0017216796875000016,1.002585693359375
-0.6112942791729857,-0.8416322169999639,0.3235189299988345,-0.024625929588105985,0.02802279329852144,-0.01215868301743466,0.003777099609375001,0.00047558593749999836,0.999900146484375
-0.03318009454110829,0.14719203477753837,0.31181947489602135,0.01161296785592455,-0.0076831791830968815,-0.014556845348289622,0.0008474121093750009,-0.0026982421875000016,0.996482177734375
-0.4040577049606886,-0.9302774689632339,0.3287784977814389,-0.015033280264686139,0.016831369087864957,0.025146064351420305,-0.0013498535156249991,-0.0009892578125000016,1.002829833984375
-0.15180210924619827,0.19347294611872617,0.31100194746808035,0.04651955289392455,0.0005771577342924342,-0.028945819333419394,-0.003058837890624999,-0.0031865234375000016,1.001853271484375
0.3115766466797456,-0.8566729139691862,0.28089282851273417,0.002819705976123023,-0.0023539295589747426,-0.047864655499052985,0.002068115234375001,-0.00025683593750000164,1.003073974609375
-0.2925461282791377,0.16028799101671107,0.2733610984726519,-0.03341919146790751,0.05520196638154434,-0.019353170009999546,0.003288818359375001,-0.0014775390625000016,0.997214599609375
0.04586127729370086,1.2752935615058003,0.2659343890748683,0.02280439206658104,0.028555718260933657,-0.020152557453617867,-0.005988525390624999,-0.004163085937500002,1.000388427734375
0.02229999679684284,0.12947264357755334,0.279708949294249,-0.0328862665054953,4.423277188022115e-05,0.023813751945389768,-0.003058837890624999,0.0007197265624999984,1.001609130859375
-1.097913048036517,-0.1924293954325914,0.2906453725115596,-0.03048810417464034,-0.018341678431341157,0.01795157735885542,-0.002082275390624999,-0.00025683593750000164,1.002341552734375
0.04127014958418849,-0.05141014873806207,0.3094784530812264,0.004951405825771878,-0.01114719143877627,0.036870413524489005,0.0008474121093750009,0.00023144531249999836,1.001364990234375
1.1712479103798823,0.1544240366879129,0.2962018539582341,0.004951405825771878,-0.0010216171529442084,-0.024948882115327795,0.0003591308593750009,0.0036494140624999984,0.997947021484375
0.020264611227949775,0.0932673978294194,0.3112973793248467,-0.01396743033986171,0.03468435532867411,0.029942389013130226,-0.0011057128906249991,-0.0019658203125000016,0.996482177734375
1.1630200507228572,0.20178541047934961,0.3083428776703244,0.0022867810137108093,0.013900281794597777,-0.01029344564899191,-0.0018381347656249991,0.0026728515624999984,1.003806396484375
0.047283850429837994,-0.06381033397918415,0.2971124157378057,-0.007572330790915146,0.023226468636811513,-0.017754395122762903,0.0015798339843750009,-1.2695312500001638e-05,1.001609130859375
0.9810682153568829,-0.7386353117669343,0.2866624306124088,0.008415418081451267,-0.0068837917394785585,-0.006829433393312522,0.002800537109375001,0.0031611328124999984,0.999167724609375
-0.04676264223843463,-0.2323762167535826,0.271330109228562,-0.016099130189510563,-0.03219772745405872,-0.04120309346890031,0.003044677734375001,-0.0019658203125000016,0.995261474609375
0.8941338857635317,0.4033326415822078,0.27166809277088394,-0.022760692219663238,0.001376545177910752,-0.001766646250396491,-0.0008615722656249991,0.006579101562499998,1.001364990234375
-0.15718874843210978,-0.0915322689552823,0.24985584879980058,-0.028889329287403696,-0.004485629408623598,-0.033209219032717105,-0.0013498535156249991,0.0036494140624999984,0.999656005859375
0.9609468634607937,-0.054627589076732236,0.265254481320633,-0.04700877800941897,-0.010880728957570163,0.029409464050718016,0.0013356933593750009,0.004137695312499998,0.998679443359375
-0.17709607683092124,-0.1355890533047062,0.2673903330326676,0.010547117931100122,-0.02846725271717322,0.0008979785616645775,0.002068115234375001,-0.0029423828125000016,1.000388427734375
0.2530643972881862,0.9324233477531858,0.2579315535421961,0.015076980111603942,0.004307632471177929,-0.02175133234085451,-0.0011057128906249991,-0.0017216796875000016,1.002097412109375
0.18782149052152936,-0.20092509534023867,0.23915955116836532,-0.017697905076747213,0.01949599389992602,-0.032409831589098784,0.004997802734375001,0.0034052734374999984,1.002829833984375
-0.6240104931648041,0.6028818372501804,0.24908956201651927,0.01667575499884058,0.008304569689269532,0.022214977058153132,-0.0015939941406249991,-0.0019658203125000016,1.000388427734375
0.10650561478562089,-0.2967776613411538,0.25358171263380314,0.012678817780748978,-0.01887460339375337,0.004361990817343968,-0.0013498535156249991,-0.0034306640625000016,1.001364990234375
-0.4628038330272472,0.6928576017942193,0.2526677684945023,0.025202554397436003,0.006172869839620676,0.0016973660052828988,-0.0008615722656249991,-0.0017216796875000016,1.003562255859375
0.6151147278986066,0.21188521233744706,0.26893922255828734,0.05291465244287112,-0.02846725271717322,0.013954640140763813,-0.006232666015624999,0.005114257812499998,0.998923583984375
-0.49267215229055394,-0.04743719478826866,0.2485526684384992,0.01081358041230623,0.016564906606658845,-0.03294275655151099,-0.0011057128906249991,-1.2695312500001638e-05,1.001364990234375
0.6452909907827608,-0.07074016166324847,0.24481765737449826,-0.013434505377449496,0.0032417825463534992,-0.00443127106245756,0.0010915527343750009,0.0034052734374999984,0.999900146484375
-0.40792408129648505,-0.5478258837452348,0.26910156593260304,-0.02569177951293041,0.013367356832185564,0.03234055134398519,0.005486083984375001,0.0021845703124999984,1.002097412109375
0.47976799067910514,0.20042935196651715,0.2685600710793609,-0.0027760061292052213,0.04454346713330007,0.00409552833613786,0.0006032714843750009,0.0038935546874999984,0.997947021484375
-0.6092783729079142,-0.1808170521866134,0.2530192880406999,-0.003841856054029648,-0.031398340010440395,-0.02654765700256443,0.0003591308593750009,-0.0031865234375000016,1.008933349609375
0.34834498134739544,0.4577217811304406,0.24548979997866693,-0.0027760061292052213,0.020295381343544347,-0.016955007679144585,-0.003791259765624999,-1.2695312500001638e-05,1.001364990234375
-0.4138178631444754,-0.38317937095220905,0.24659651086086662,0.009214805525069588,0.01763075653148327,0.0027632159301073256,0.00011499023437500089,-0.0012333984375000016,1.004538818359375
0.4557129562631354,0.35208552725679915,0.2640172579164133,-0.03901490357323576,0.027489868336109224,0.031274701419160764,-0.002082275390624999,0.0036494140624999984,1.000876708984375
-0.00653828394380826,-0.7024344207337194,0.2500780691731146,-0.010769880565388428,-0.005817941814654131,-0.026814119483770542,0.007195068359375001,0.0021845703124999984,1.003562255859375
0.05412435776260269,0.45293474715902476,0.2577580604047248,-0.025958241994136523,0.020828306305956557,0.013954640140763813,-0.0003732910156249991,0.0007197265624999984,0.998679443359375
-0.15796220896038696,-0.689971882830123,0.2648697650399728,-0.014500355302273926,-0.02660201534873047,0.011556477809908853,0.002800537109375001,-0.0009892578125000016,0.998923583984375
-0.6130398747712404,0.3549603492385534,0.263161465152655,-0.009704030640564,-0.015943516100486194,-0.005230658506075881,-0.011359619140624999,-0.012952148437500002,1.027243896484375
0.34452864732885846,-0.30889515447854177,0.29455688409383163,0.02013976725451997,-0.03006602760440986,0.05392401232167985,0.0006032714843750009,-0.0007451171875000016,0.994284912109375
-0.7962183145640627,-0.121440755766686,0.32981584933949304,-0.01236865545262507,0.03361850540384969,0.05392401232167985,0.003777099609375001,-0.005627929687500002,1.024802490234375
-0.09076633425482218,0.7438974639776208,0.3542359289691093,-0.019829604926396065,-0.05058363865728009,0.03527163863725237,-0.008429931640624999,-0.005627929687500002,1.015281005859375
-0.2964984054541654,-0.3788319259238648,0.3683934943821945,0.0483847902623673,-0.0015545421153564214,0.026478376757450836,-0.007453369140624999,-0.0026982421875000016,0.991355224609375
0.10314210144301296,-1.4290854905339467,0.3761753125633956,-0.016898517633128884,0.03468435532867411,0.0248796018702142,0.009392333984375001,-0.004163085937500002,1.006736083984375
0.45373700385202653,-0.33629548202419424,0.37051962391868504,-0.0006443062795563666,0.0035082450275596075,-0.0004343338443659568,0.015251708984375001,0.004870117187499998,0.995017333984375
-0.6321652519759688,0.019089884552968155,0.3985510993088993,0.0009544686076802746,-0.016209978581692302,0.043798438035847785,0.004509521484375001,0.0038935546874999984,0.997214599609375
0.47554279532435584,0.1972209322303688,0.38826068500473826,-0.04780816545303728,0.03681605517832297,-0.021218407378442293,-0.0015939941406249991,-0.0019658203125000016,1.003318115234375
-0.41933046930853546,-0.5196565758361651,0.39992308584882647,-0.03102102913705255,0.036016667734704653,0.015553415028000459,0.002312255859375001,0.0014521484374999984,0.998923583984375
0.5633027745081474,0.058507240192608376,0.3952165187722056,-0.022760692219663238,0.01896306893751381,-0.0009672588067781707,0.002556396484375001,0.004137695312499998,1.002829833984375
-0.5401678879682563,0.3669381597561485,0.38017422328009504,-0.00810525575332736,-0.029533102641997648,-0.018820245047587333,-0.003791259765624999,0.00047558593749999836,0.999900146484375
0.5354370564368754,-0.043623807114959806,0.3938077410450378,-0.0009107687607624732,-0.02900017767958543,0.018218039840061526,-0.0011057128906249991,0.005114257812499998,1.008445068359375
-0.6186299187508028,-0.1651767251516064,0.3725270972019491,-0.027290554400167054,0.015765519163040524,-0.040936630987694206,0.0015798339843750009,0.0021845703124999984,0.998435302734375
0.36635872789534657,-0.705455140181473,0.3737443258687599,-0.03048810417464034,0.02589109344887259,0.015553415028000459,0.007927490234375001,-0.0017216796875000016,1.002097412109375
-0.33498928933050554,0.18819594329491654,0.3872301691523392,-0.003841856054029648,-0.02500324046149383,0.018218039840061526,-0.003302978515624999,-0.005627929687500002,0.999656005859375
-0.44461048727310903,1.3629142206192886,0.39204867891155565,-0.015299742745892247,0.058133053674811516,0.011290015328702748,-0.006476806640624999,-0.006116210937500002,0.997702880859375
0.08067776605313787,0.35115141587303483,0.4064224437861607,-0.006240018384884612,0.008304569689269532,0.011290015328702748,-0.003302978515624999,0.0029169921874999984,1.004782958984375
0.03196311557069848,-0.8131582339524943,0.4243420849088792,0.004684943344565771,-0.034062964822501464,0.03100823893795466,0.009148193359375001,0.0007197265624999984,0.996970458984375
0.07299252556914212,0.3221671192989971,0.434548538864377,0.03133119146517646,-0.01807521595013505,0.017685114877649316,0.006218505859375001,0.0007197265624999984,1.001120849609375
0.3031606981288561,1.4648972349885259,0.4646534934650172,-0.006772943347296827,0.03681605517832297,0.04619660036670275,-0.006476806640624999,0.0014521484374999984,1.003806396484375
-0.06265653839596545,0.37698103902077534,0.45675687619642447,0.004951405825771878,-0.005285016852241919,-0.0033654211376331323,-0.0013498535156249991,-0.0029423828125000016,1.001609130859375
0.5476950987704157,1.3432121961625898,0.4758391836218977,-0.026491166956548733,0.010702732020124495,0.0171521899152371,-0.010871337890624999,0.0016962890624999984,1.000876708984375
0.17362734611079494,0.26537626189681573,0.45931558813558404,-0.024625929588105985,0.017364294050277167,-0.020419019934823972,0.004021240234375001,0.00047558593749999836,0.999656005859375
0.582820007557543,-0.8177943074951045,0.45169580134963444,0.007882493119039054,-0.019407528356165583,-0.009760520686579698,0.002800537109375001,0.005846679687499998,1.002341552734375
-0.19576874799125954,0.018760617894685458,0.45421454408713124,0.020672692216932187,0.01203504442615503,-0.005497120987281987,-0.002570556640624999,-0.005872070312500002,0.998923583984375
-1.272009291407253,-0.4193684159137142,0.4565346806251804,-0.02569177951293041,-0.011680116401188484,-0.002566033694014812,0.0003591308593750009,-0.005139648437500002,1.007956787109375
-0.1685595123703242,-0.1820750781430581,0.43731525085275214,-0.02702409191896095,-0.017009366025310623,-0.023616569709297257,0.0013356933593750009,0.004870117187499998,0.999167724609375
0.5246311618393317,0.7237707954513736,0.43748313311057824,0.006816643194214626,-0.016742903544104515,-0.005497120987281987,-0.005256103515624999,0.0034052734374999984,1.005515380859375
0.1499286504016811,-0.39681746333939305,0.44742035714862916,0.0004215436452680611,-0.06577200008602818,0.019816814727298168,-0.003058837890624999,0.005846679687499998,1.001120849609375
0.6473326802304263,0.6457286344963236,0.4481784921595705,-0.03102102913705255,0.03308558044143747,-0.0004343338443659568,-0.008185791015624999,0.010241210937499998,1.003073974609375
-0.3008140851038302,0.045113300001011436,0.4279504385128729,0.03372935379603142,0.02375939359922373,-0.0252153445965339,0.0006032714843750009,-0.007336914062500002,0.990134521484375
-1.0116079219772656,-0.8698775415367231,0.4450193039649231,0.028133641690703176,-0.0511165636196923,0.02061620217091649,0.010368896484375001,-0.014416992187500002,1.002341552734375
-0.17341949990281905,-0.08862451420553626,0.4488923827325095,-0.0006443062795563666,0.0005771577342924342,0.019017427283679847,0.003532958984375001,-0.005139648437500002,0.997214599609375
0.6025829397284442,0.7780056825827893,0.4593729539817993,0.01001419296868791,0.03175326803540694,0.010224165403878318,-0.007697509765624999,0.005358398437499998,1.003806396484375
0.748518755906147,-0.35042870055500314,0.4187940493346479,-0.016099130189510563,0.011235656982536708,-0.07211274128880871,-0.008429931640624999,0.011217773437499998,0.999656005859375
-0.10830285421812172,0.419077477677568,0.4424212714194561,-0.012901580415037283,0.0008436202154985389,0.04219966314861114,-0.0006174316406249991,0.005602539062499998,0.995993896484375
-0.5711908258353107,-0.6206937657072881,0.4162288352607377,0.006283718231802413,0.012301506907361138,-0.047065268055434664,0.003777099609375001,-0.006848632812500002,1.002829833984375
-0.5637469252726132,0.512542419500082,0.39536456888477045,-0.04354476575373957,-0.021006303243402226,-0.03614030632598428,0.004021240234375001,-0.009778320312500002,1.000144287109375
0.08648149694769963,-0.4566403751503043,0.40217063224214994,-0.00810525575332736,-0.05031717617607399,0.010757090366290535,0.0006032714843750009,-0.0031865234375000016,0.999167724609375
0.2351448801045495,0.6725265339840042,0.41050621143510485,-0.018497292520365527,-0.009814879032745735,0.014221102621969921,-0.007209228515624999,0.0036494140624999984,1.003806396484375
0.8081922459312301,-0.2842288628722947,0.40397229607371093,-0.03315272898670141,0.04241176728365121,-0.015356232791907943,-0.0015939941406249991,0.010241210937499998,1.001364990234375
-0.08793905488042274,0.45364927535248223,0.41184089578661076,-0.028089941843785375,0.006972257283239001,0.016086339990412667,-0.003547119140624999,0.0038935546874999984,0.998679443359375
-0.5235210229001181,-0.5990081360773098,0.4212746068644614,-0.03182041658067087,0.025358168486460372,0.01528695254679435,0.002556396484375001,-0.005627929687500002,0.999411865234375
0.04329059021603146,0.385799224807861,0.42795154349464265,0.010280655449894016,-0.025269702942699937,0.013155252697145495,0.005486083984375001,-0.006360351562500002,1.003806396484375
1.181891444678404,0.12033725547087458,0.42035773825167844,0.041456765751008526,-0.0015545421153564214,-0.02175133234085451,-0.005744384765624999,0.004870117187499998,0.998191162109375
0.04939473738681937,-0.08913261474413785,0.41456312653260413,-0.011835730490212854,0.0077716447268573186,-0.009760520686579698,-0.0001291503906249991,0.010241210937499998,0.998191162109375
-1.1096048918319987,-0.08278192133402834,0.390397651615212,-0.023027154700869343,0.028555718260933657,-0.04520003068699192,0.0015798339843750009,-0.0022099609375000016,0.998679443359375
-0.21305841989226218,-0.748137997599853,0.40144518432284126,-0.030221641693434227,0.04480992961450617,0.03154116390036687,0.012077880859375001,-0.005383789062500002,1.003562255859375
-0.39902140836923405,0.38705533747459564,0.3994454582920031,0.017208679961252797,0.010702732020124495,-0.004697733543663667,-0.0006174316406249991,-0.006116210937500002,1.004294677734375
0.6137189585052809,-0.1106943528710064,0.39388477967232444,-0.02569177951293041,0.016831369087864957,-0.014023920385877407,-0.004279541015624999,-0.0019658203125000016,0.997702880859375
0.18939756494247179,0.9718962835719461,0.394690032288996,-0.02089545485122049,0.023492931118017625,0.00676015314819893,-0.007697509765624999,0.007067382812499998,1.006980224609375
0.5158453658083663,-0.13987346090562144,0.3735552504709643,-0.016099130189510563,-0.02846725271717322,-0.04120309346890031,-0.003791259765624999,0.007311523437499998,0.996238037109375
-0.33769777536570333,0.6103212274312151,0.36531284076287335,-0.011835730490212854,-0.038326364521799175,-0.00789528331813695,-0.003302978515624999,0.0026728515624999984,0.995017333984375
-0.3621709688633392,-0.5427322451203954,0.38251392785746524,-0.0025095436479991157,-0.013012428807219019,0.029942389013130226,0.010857177734375001,-0.006360351562500002,1.005515380859375
-0.6488869662676878,0.5736000441102513,0.3928991145456499,-0.019030217482777743,0.006972257283239001,0.01848450232126763,0.002556396484375001,-0.008069335937500002,1.003806396484375
0.35032604672679624,0.03928705862593298,0.3951133792109839,-0.009704030640564,0.029088643223345867,-0.005230658506075881,-0.0008615722656249991,0.005358398437499998,0.999656005859375
0.6571335399205359,1.134368139512406,0.3965621992090303,0.011879430337130657,-0.01887460339375337,-0.0028324961752209184,-0.006965087890624999,0.007799804687499998,0.996970458984375
0.17975514219302188,0.07300033951119646,0.37892197951584233,-0.005440630941266291,-0.031931264972852605,-0.02175133234085451,-0.002570556640624999,0.0036494140624999984,1.004294677734375
-0.551856141352381,-0.810651631915546,0.38262859745310507,-0.0065064808660907185,0.0024423951027351815,-0.001766646250396491,0.006706787109375001,-0.0034306640625000016,0.997702880859375
-0.6558836916729534,0.3196825193533162,0.36873022833233293,0.02013976725451997,-0.016742903544104515,-0.025481807077740004,0.0008474121093750009,-0.010999023437500002,1.001609130859375
0.5102932243134701,0.43042540630791243,0.39707869290923103,0.047585402818748984,-0.030332490085615966,0.036071026080870684,-0.006965087890624999,0.00023144531249999836,1.010398193359375
-0.6337334899829061,0.6245292060937276,0.35639935340799184,-0.02835640432499148,-0.01887460339375337,-0.052660980160762906,-0.008429931640624999,0.0038935546874999984,1.000632568359375
0.45954717969742015,0.2851204572443286,0.37748287221102333,-0.017697905076747213,-0.05191595106331062,0.020882664652122594,-0.005988525390624999,0.006579101562499998,1.005027099609375
-0.15576058251458014,-0.6706702269305046,0.3781743454259068,-0.0006443062795563666,0.01949599389992602,-0.002566033694014812,0.004997802734375001,0.0016962890624999984,1.003806396484375
-1.3084936420670006,-0.797326865137324,0.3888751705131153,-0.023826542144487664,-0.003686241965005277,-0.006829433393312522,0.012566162109375001,-0.010510742187500002,1.000632568359375
-0.5125314051088884,0.008566458261238577,0.3737918100690448,0.007349568156626841,-0.038859289484211385,-0.017754395122762903,-0.002814697265624999,-0.006848632812500002,1.000144287109375
0.5886078898996533,0.27639760176219647,0.368185626799352,-0.023027154700869343,0.0011100826967046472,-0.014556845348289622,-0.002814697265624999,0.0021845703124999984,0.998435302734375
-0.43699891961724524,-0.22419591620973345,0.39572711066239485,-0.003841856054029648,0.026157555930078694,0.04859476269755771,0.0006032714843750009,-0.0005009765625000016,0.999656005859375
0.4250724467095732,0.549185237371836,0.39995335591753156,0.026001941841054324,0.002975320065147398,0.003029678411313432,-0.007697509765624999,0.005114257812499998,1.001364990234375
0.5573485664650706,-0.5915887548652174,0.3865335673108173,0.024936091916229898,-0.0018210045965625296,-0.02308364474688504,0.0013356933593750009,0.008532226562499998,0.997947021484375
-0.5706756904616986,-0.3411938496024568,0.39830271809691614,-0.01583266770830446,0.0051070199147962535,0.004628453298550075,0.006706787109375001,-0.006604492187500002,0.999167724609375
-0.19745602862101402,0.7713862072045051,0.426105759328614,0.012678817780748978,0.04614224202053671,0.046463062847908854,0.005486083984375001,-0.009778320312500002,0.996970458984375
0.15461365662316087,-0.32457917978853845,0.4452587689336473,0.0006880061264741681,-0.009281954070333522,0.03100823893795466,-0.002814697265624999,-1.2695312500001638e-05,1.000632568359375
0.3062218209551313,0.8233632681169694,0.457186261177117,0.01081358041230623,0.01976245638113213,0.019550352246092063,-0.005500244140624999,0.004137695312499998,1.003318115234375
0.19185968959521257,-0.312040365123636,0.4608722649149935,0.0009544686076802746,0.008304569689269532,0.007293078110611145,0.00011499023437500089,0.0038935546874999984,1.002341552734375
-0.6903441638468929,0.432259686794444,0.466246521072265,-0.011036343046594536,0.009370419614093961,0.01102355284749664,0.0015798339843750009,-0.0012333984375000016,0.999656005859375
-0.27460577255308216,-0.6314902865774927,0.4649791034994927,-0.029955179212228122,-0.004752091889829705,-0.0012337212879842772,0.002800537109375001,-0.007825195312500002,0.999656005859375
0.30673975840688156,0.3427580941317554,0.4735406294091817,-0.021428379813632707,-0.010347803995157948,0.017685114877649316,0.003532958984375001,-0.00025683593750000164,1.000144287109375
-0.3606425970095915,-0.6084474638226803,0.48436089801837273,-0.001443693723174687,-0.03326357737888314,0.01635280247161878,0.0008474121093750009,0.00047558593749999836,1.005027099609375
0.5438032471977956,0.10110914117455364,0.4751960538016685,0.015343442592810046,-0.009281954070333522,-0.009227595724167485,-0.0015939941406249991,0.009020507812499998,1.001853271484375
-0.5158917123330309,-0.33424893575211306,0.47247441097037296,0.014277592667985619,-0.03432942730370757,-0.008161745799343057,0.0006032714843750009,0.0034052734374999984,0.999411865234375
0.14903282633363243,0.5822912564775624,0.4575986045477755,-0.0046412434976479695,-0.025802627905112147,-0.02867935685221329,0.0010915527343750009,-0.005627929687500002,1.004782958984375
-0.5525931937791778,-0.30739931982208923,0.4424922217270873,0.012412355299542871,0.01896306893751381,-0.023350107228091152,0.0015798339843750009,-0.006604492187500002,0.993308349609375
-0.6510487100700767,0.8394303425124452,0.45986179546831146,0.04278907815703906,0.012834431869773347,0.03100823893795466,0.002068115234375001,-0.010022460937500002,1.002097412109375
-0.8169999373885103,-0.2800724901329786,0.44812096083123787,-0.0022430811667930083,0.025624630967666477,-0.018820245047587333,-0.002082275390624999,-0.013440429687500002,1.018698974609375
0.3011534377273772,0.060590275688614935,0.4262445196097469,0.03985799086377188,0.0067057948020328925,-0.03454153143874764,-0.0006174316406249991,0.0036494140624999984,1.006247802734375
0.12029127264000225,1.1745037676712737,0.4347961421116024,-0.01876375500157163,-0.03353003986008925,0.01848450232126763,-0.005011962890624999,0.004625976562499998,0.993308349609375
-0.1722465477803275,0.08412157652956262,0.4451199465743771,0.037193366051710815,0.020295381343544347,0.024346676907801984,-0.007941650390624999,-0.0014775390625000016,0.999656005859375
0.8608541684033656,-0.3665349325247263,0.43149599044303066,-0.03182041658067087,0.009103957132887853,-0.019353170009999546,0.0003591308593750009,0.0012080078124999984,1.002585693359375
-0.22122117514061154,-0.030514295291001223,0.46607875665844706,0.018807454848489436,-0.01541059113807398,0.05392401232167985,0.0015798339843750009,-0.00025683593750000164,1.004538818359375
0.796669378514192,0.4863284177697499,0.47667039340864875,0.00814895560024516,-0.03219772745405872,0.011290015328702748,-0.0008615722656249991,-0.0012333984375000016,1.003806396484375
-0.10055056283856248,-0.2143225709345729,0.4909762434513171,-0.0017101562043807944,0.023492931118017625,0.028343614125893583,0.003777099609375001,-0.0014775390625000016,1.004294677734375
0.6314610153667184,0.6646427274221797,0.49555591997876797,-0.012635117933831179,0.005906407358414571,0.003029678411313432,0.0010915527343750009,0.00047558593749999836,0.995749755859375
-0.03495853715290159,-0.2582170620565704,0.5004690973359472,-0.02222776725725103,0.03201973051661305,0.012089402772321066,0.008171630859375001,-0.0026982421875000016,1.004538818359375
0.31340040832223076,0.8366286148788099,0.5163029581601123,-0.009437568159357894,0.00857103217047564,0.02461313938900809,-0.0011057128906249991,0.0012080078124999984,0.996482177734375
1.4486951782246966,0.5827962649773061,0.5339481990123197,0.02573547935984822,-0.0239373905366694,0.00676015314819893,-0.010627197265624999,0.0234248046875,0.991599365234375
0.30308014393526755,0.5569294215230931,0.5237792313948938,0.00015508116406195462,-0.014078278732043446,0.002496753448901219,-0.009894775390624999,-0.0024541015625000016,1.015769287109375
-0.5938398992247235,-0.15916616285715693,0.510716890251055,0.007083105675420733,-0.013811816250837338,-0.01722147016035069,-0.003058837890624999,-0.0031865234375000016,1.000144287109375
0.45697933213933994,0.3065480265231526,0.5229593854332019,0.005484330788184092,0.0024423951027351815,0.019017427283679847,-0.002570556640624999,0.0016962890624999984,1.001853271484375
-0.5931167459398524,-0.1683095108325504,0.5540392383688786,-0.027290554400167054,0.03148680555420083,0.0560557121713287,0.0018239746093750009,-0.007092773437500002,1.003806396484375
0.5451578643522127,-0.0287270464872625,0.5476651919363378,0.007083105675420733,-0.04179037677747856,-0.008161745799343057,0.0015798339843750009,-0.0009892578125000016,0.994529052734375
-0.5568729808796165,-0.3408205232421027,0.5564205541098047,-0.0046412434976479695,0.01976245638113213,0.008891852997847784,0.002800537109375001,0.0016962890624999984,0.999656005859375
0.30078628842811606,0.4226901727079117,0.5638050366754184,0.03532812868326807,-0.032730652416470926,0.011290015328702748,-0.004035400390624999,0.0009638671874999984,1.001364990234375
0.2344084443052119,-0.7201773571577956,0.5293770386967022,0.0009544686076802746,0.0016430076591168602,-0.06038839211574001,-0.0011057128906249991,0.004870117187499998,0.997458740234375
-0.23096556719717304,0.3141368719130845,0.5032034324263446,0.013744667705573406,-0.016209978581692302,-0.04866404294267131,0.0008474121093750009,-0.0012333984375000016,1.004782958984375
-0.3349012572998399,-0.843340318340019,0.4942791472340898,0.020672692216932187,-0.030332490085615966,-0.016422082716732372,0.0008474121093750009,-0.004651367187500002,0.995017333984375
-0.028641171760229376,0.2618012032358264,0.4853614831022448,-0.025425317031724307,0.008837494651681748,-0.012425145498640766,-0.0011057128906249991,-0.0012333984375000016,1.001853271484375
-0.5871004755786658,-0.7126999462091419,0.484583282507942,-0.01396743033986171,0.05333672901310159,-0.005230658506075881,-0.0001291503906249991,-0.0029423828125000016,1.003562255859375
-0.10310578798439626,0.31350080987182033,0.5029845118904519,-0.009970493121770108,-0.017275828506516728,0.03500517615604626,-0.004523681640624999,-0.0022099609375000016,0.995993896484375
1.0272982858980848,0.5514601442485403,0.495498284615165,0.021205617179344396,-0.020739840762196118,-0.027879969408594968,-0.006965087890624999,0.004870117187499998,1.000632568359375
0.10042991761731154,-0.1364144256107804,0.5057056245305414,0.022005004622962718,-0.05537996331899001,0.0248796018702142,0.0003591308593750009,0.0036494140624999984,1.004538818359375
-0.6837234621936712,0.6936979926884743,0.5079361753703444,0.018540992367283328,0.008038107208063423,0.010490627885084427,0.002068115234375001,0.0014521484374999984,0.999167724609375
-0.3312852992650074,-0.39641468141195374,0.5131363133543989,0.004684943344565771,0.0019094701403229684,0.00755954059181725,0.005241943359375001,-0.006360351562500002,0.998435302734375
-0.10746725020967635,0.7363617904284329,0.4924966933950417,-0.018497292520365527,0.01949599389992602,-0.0369396937696026,0.0018239746093750009,-0.004895507812500002,1.041159912109375
